ID,x0,x1,class
0,-1.634094,4.163718,0
1,1.538663,22.882399,1
2,12.521657,-4.482854,0
3,5.313878,0.783745,0
4,13.553992,-1.409386,0
5,20.827017,19.120096,1
6,15.597864,17.091883,1
7,12.930298,-18.378917,0
8,15.97968,-3.548246,0
9,-0.312783,17.174878,1
10,13.717382,-6.949396,0
11,17.044933,20.213068,1
12,2.985469,-9.387888,0
13,-2.359905,11.683629,1
14,-9.278021,7.302689,1
15,19.359033,20.658782,1
16,28.981622,19.22002,1
17,17.898841,27.089044,1
18,21.47465,-1.027387,0
19,17.465083,27.33366,1
20,-2.609793,13.745918,1
21,-3.308675,1.773646,0
22,1.987445,15.046671,1
23,1.911468,8.78173,0
24,10.534209,12.82177,1
25,-5.98491,11.671958,1
26,4.148656,-0.382086,0
27,18.789579,12.967962,1
28,16.088923,17.303951,1
29,0.126245,21.908585,1
30,11.058604,6.364498,0
31,4.128019,-1.962446,0
32,7.702293,24.39985,1
33,19.146583,-1.341495,0
34,4.079565,5.198294,0
35,12.989523,23.37029,1
36,2.790764,13.29319,1
37,14.39816,-2.157553,0
38,1.009332,-0.814076,0
39,-8.016478,12.330877,1
40,1.837442,21.484039,1
41,17.516156,19.758168,1
42,12.437783,13.619643,1
43,9.951082,12.266791,1
44,31.469278,15.316984,1
45,1.462135,6.471201,0
46,18.279212,23.975739,1
47,12.596825,32.773605,1
48,-1.475002,14.168754,1
49,9.859534,-22.555827,0
50,20.052189,8.360462,1
51,25.165744,17.017072,0
52,10.889458,24.400807,1
53,3.654789,2.79474,0
54,-7.504104,13.238978,1
55,0.283383,12.249929,1
56,20.361743,-4.221005,0
57,29.915006,-3.250551,0
58,17.40652,11.577534,0
59,-1.24347,2.587728,0
60,21.018596,12.827601,1
61,1.212904,17.071426,1
62,22.344826,16.816554,1
63,-3.877635,17.964915,1
64,16.471853,-2.671069,0
65,12.937458,-2.981614,0
66,23.881174,0.461573,0
67,3.713856,-0.650709,0
68,10.498333,-0.292406,0
69,19.15909,14.399125,1
70,16.299832,-8.110264,0
71,17.92301,6.279642,0
72,8.52808,-2.525291,0
73,30.717131,18.476415,1
74,-7.258003,0.826003,0
75,6.56261,32.558882,1
76,4.887954,24.012541,1
77,5.344187,26.718581,1
78,7.355322,21.257655,1
79,-4.446275,10.852899,1
80,4.677025,16.073842,0
81,-3.583057,0.779584,0
82,8.859664,-0.723534,0
83,11.456564,30.515661,1
84,-0.961011,19.822241,1
85,25.484427,9.136844,0
86,3.845133,12.505368,1
87,25.629314,7.088054,0
88,8.553486,-3.482826,0
89,-2.85004,16.108169,1
90,11.973765,33.718828,1
91,-1.345133,12.557542,1
92,-2.660325,15.353255,1
93,3.998994,16.817519,1
94,5.99281,4.626213,0
95,4.858931,-0.534655,0
96,20.330722,13.651387,0
97,0.00816,24.690255,1
98,24.49701,19.000162,1
99,5.786318,21.736608,1
100,21.003362,2.709886,0
101,9.698302,-10.026074,0
102,15.71351,-6.065733,0
103,2.922391,20.179484,1
104,2.860962,13.167542,1
105,19.394797,-4.872075,0
106,23.058945,-21.719181,0
107,22.718059,7.706854,0
108,21.095508,3.983286,0
109,21.19275,8.21869,1
110,17.555252,-2.423294,0
111,22.274183,1.905853,0
112,9.853309,-13.703266,0
113,-0.959948,15.311117,1
114,-3.092755,5.0679,0
115,-0.201172,14.97986,1
116,17.621014,20.209904,1
117,1.913889,20.242717,1
118,9.666935,5.189019,0
119,-5.230158,2.515872,0
120,0.501497,-4.41533,0
121,25.615943,6.626027,0
122,30.674139,8.201842,0
123,20.939971,10.337103,1
124,24.064556,10.558312,0
125,22.092784,8.191132,0
126,1.231691,-5.147423,0
127,27.602228,16.315358,1
128,29.77694,6.111798,0
129,3.353163,-1.99805,0
130,27.912681,9.577968,1
131,27.051556,5.070423,0
132,0.078041,-1.397545,0
133,6.624927,-7.79995,0
134,-10.024064,20.666862,0
135,26.929,12.754049,1
136,24.218301,9.270153,0
137,4.94045,0.831662,0
138,-12.041085,5.195463,0
139,3.656849,20.64579,1
140,3.935938,15.421004,1
141,3.908834,7.904188,0
142,0.068828,-2.547738,0
143,30.528922,11.038542,0
144,-5.682442,13.064636,1
145,6.279349,24.297412,1
146,-11.773599,9.009297,1
147,3.872395,-5.093559,0
148,15.11702,16.094304,0
149,14.888437,10.527167,1
150,5.159237,9.162094,0
151,10.200835,-4.866712,0
152,10.861274,-10.00536,0
153,-6.368997,14.418671,0
154,22.034069,-4.103371,0
155,27.269261,-7.494347,0
156,-4.526501,11.335206,1
157,6.180473,-13.587971,0
158,-3.831518,-8.320167,0
159,1.206264,13.453444,1
160,24.191516,7.96282,1
161,-13.588499,11.395581,0
162,20.841026,3.617934,1
163,29.184739,1.62516,0
164,16.868525,-17.559583,0
165,0.532365,8.072239,0
166,-3.263696,21.815108,1
167,18.797021,19.116971,1
168,4.204023,-8.918176,0
169,-4.120941,-1.900779,0
170,0.566517,18.868848,1
171,13.586688,-1.25122,0
172,20.967764,-12.487385,0
173,20.30389,0.592207,0
174,-5.695602,15.382919,0
175,-4.096918,9.414261,1
176,3.081951,16.615333,1
177,8.810854,-16.622221,0
178,21.557247,-4.684642,0
179,2.213047,11.535306,1
180,-2.229589,9.241823,0
181,-8.120827,6.591988,1
182,13.3639,2.856224,0
183,16.99323,12.384884,0
184,18.854743,1.835426,0
185,-8.4044,4.225496,1
186,-14.246615,9.298787,1
187,-9.171429,3.03822,0
188,-5.242018,8.836182,0
189,18.237332,-12.113876,0
190,5.475743,27.906775,1
191,-0.526143,23.612393,1
192,8.699893,22.241521,1
193,1.685143,14.444868,0
194,17.595384,0.438492,0
195,-10.897144,4.579094,1
196,21.869583,-4.123065,0
197,-0.168957,21.727438,1
198,17.003011,30.205472,1
199,2.784124,-19.165997,0
200,6.540884,14.005086,1
201,3.387556,25.277789,1
202,5.89224,19.963425,1
203,-10.085146,3.822561,1
204,7.659486,-3.785484,0
205,-3.865779,13.82889,1
206,10.036595,22.504623,1
207,15.527051,23.557448,1
208,18.561558,-6.329623,0
209,15.429235,-23.966726,0
210,11.692878,2.680255,0
211,22.250224,4.767871,0
212,6.95974,24.285936,1
213,13.919541,-4.469105,0
214,16.877553,-3.130695,0
215,3.641303,17.544483,1
216,6.104809,0.810973,0
217,23.801067,19.202377,1
218,14.445723,28.931998,1
219,0.728725,4.024246,1
220,13.088457,29.091983,1
221,13.11217,-11.954125,0
222,20.531022,23.052244,1
223,27.621984,20.702606,1
224,9.824409,22.544247,1
225,16.95057,20.078368,1
226,-2.537602,11.432609,1
227,7.65245,-0.975759,0
228,7.284604,-11.19915,0
229,5.488988,31.888566,1
230,29.840602,10.795607,0
231,5.61513,20.670843,1
232,22.584567,-1.344528,0
233,12.970504,23.25218,1
234,21.700629,1.188391,0
235,19.715341,11.201245,1
236,6.853699,22.099803,1
237,14.279479,0.304666,0
238,14.122628,29.171299,1
239,16.973182,-3.598913,0
240,-0.867021,-14.105724,0
241,-2.962238,16.018699,1
242,17.891119,14.354211,1
243,-1.446473,7.871858,0
244,6.026836,17.407784,1
245,-4.786135,10.125921,1
246,1.879491,19.419422,1
247,8.608058,22.167757,1
248,14.754877,-3.430715,1
249,16.307971,-6.204658,0
250,3.328548,21.867918,1
251,7.124029,-5.787583,0
252,11.264225,-11.560788,0
253,20.437003,0.314271,0
254,28.86044,25.435224,0
255,-14.046157,11.761329,0
256,-11.316962,4.876262,1
257,-18.45744,-3.7606,1
258,8.806225,3.772602,0
259,-2.480343,11.002,1
260,-6.071955,11.346766,1
261,3.069833,-1.749445,0
262,-1.656548,24.002851,1
263,8.363748,34.851664,1
264,13.561389,-15.782486,0
265,15.531747,-4.617477,0
266,7.014319,27.823348,1
267,3.882818,6.269855,0
268,17.238858,14.851464,1
269,3.440392,21.540525,1
270,14.372299,36.294425,1
271,17.234435,-0.175212,0
272,23.900334,16.100963,0
273,36.751011,9.447617,0
274,27.716719,14.451224,1
275,-7.565515,2.464019,0
276,1.628108,16.863194,1
277,1.149463,13.051896,0
278,13.753936,23.97257,1
279,-1.006163,4.669541,0
280,2.770939,15.237229,1
281,0.824033,12.257507,0
282,-3.252797,14.494479,1
283,-7.88777,-1.74791,0
284,26.531035,2.806186,0
285,1.206873,-0.197734,0
286,16.428401,19.241577,0
287,22.604411,13.867994,0
288,1.840092,4.593478,0
289,2.741609,10.024738,0
290,16.094825,-8.768136,0
291,25.454529,-4.373995,0
292,1.922379,9.777174,1
293,8.251458,-17.912852,0
294,-5.029157,13.441858,0
295,-8.140425,26.072167,1
296,-5.367096,11.013083,0
297,6.624943,16.993972,1
298,11.134589,-0.420578,0
299,-1.401844,20.355879,1
300,4.849588,1.293695,0
301,-7.628556,14.569951,1
302,-2.181593,18.233294,1
303,18.352902,-2.256824,0
304,4.137858,20.051633,1
305,-3.5962,13.199255,1
306,19.147337,-0.725986,0
307,-3.485715,9.467086,0
308,19.265067,24.619232,1
309,9.45066,7.297106,0
310,8.504487,0.47846,0
311,18.521079,10.260358,0
312,14.173717,2.934782,0
313,-8.702623,17.361913,0
314,24.156188,2.952602,0
315,-0.379278,12.878392,0
316,6.256288,10.478853,1
317,8.428626,27.434299,1
318,23.153414,3.891645,0
319,2.215145,9.661941,0
320,21.12155,17.445788,1
321,7.439594,7.351642,0
322,16.952071,0.769457,0
323,9.722653,-10.228769,0
324,23.778487,5.106774,0
325,-7.714885,6.815812,1
326,-3.058692,18.59724,1
327,23.487011,21.228737,1
328,1.892141,13.337122,1
329,14.360432,9.647916,0
330,15.613863,2.76536,0
331,3.391634,9.837663,0
332,2.077865,13.864095,1
333,12.228161,32.054226,1
334,14.52512,-2.694705,0
335,-8.520541,6.867862,0
336,17.220241,36.179329,1
337,-13.520472,2.969862,1
338,-1.145168,-5.914121,0
339,17.163826,-13.207131,0
340,11.274592,20.876038,1
341,16.128538,22.615098,1
342,2.867714,22.552666,1
343,5.79762,-12.3292,0
344,26.597529,14.632791,1
345,16.005397,16.821162,1
346,-1.526885,19.837185,1
347,2.037252,3.850794,0
348,7.664071,15.310964,1
349,7.036896,18.770854,1
350,2.2483,26.603829,1
351,11.061214,-4.747586,0
352,24.305609,19.877249,1
353,-2.774782,24.614854,0
354,25.227551,19.574548,1
355,25.738005,6.789273,0
356,3.018885,14.955456,1
357,24.885349,8.325051,0
358,12.55452,10.96823,1
359,17.32611,9.579194,0
360,21.038652,16.754034,1
361,5.862051,19.124272,1
362,15.546536,-5.914837,0
363,24.929994,14.911101,1
364,17.062666,-1.086474,0
365,1.274154,22.218318,1
366,5.515373,15.139329,0
367,21.856459,14.631463,1
368,10.307586,21.338508,1
369,9.318017,-15.684719,0
370,20.264466,-11.704049,0
371,16.999232,19.296632,1
372,15.401119,-8.733099,0
373,5.682072,-4.680993,0
374,22.219692,11.970169,1
375,3.872113,-8.64094,0
376,12.864072,37.890819,1
377,3.187336,4.542964,0
378,16.805056,5.826245,0
379,2.954866,13.387954,0
380,-5.164643,5.606562,1
381,30.315565,9.282565,0
382,-0.810349,3.540916,0
383,23.966168,3.50784,0
384,20.618942,-3.096071,0
385,3.508941,-3.067787,0
386,9.866339,31.953013,1
387,28.102511,18.928439,1
388,24.953053,-5.087842,0
389,22.10204,16.310393,1
390,18.919284,21.042839,1
391,14.499905,18.396163,1
392,-8.088827,8.326674,0
393,8.930887,-3.501047,0
394,4.902162,-11.17898,0
395,-1.545428,15.445112,1
396,11.278668,23.197448,1
397,7.380806,-10.664448,0
398,10.623348,19.0068,1
399,3.041425,-7.719327,0
400,25.743369,12.881973,1
401,23.464253,13.680793,0
402,5.085041,26.501671,1
403,9.651421,10.450204,0
404,12.181205,10.242232,0
405,22.962849,-22.043215,0
406,-2.651527,-1.164231,0
407,7.935289,27.378369,1
408,-0.965119,14.276911,1
409,19.882541,8.388359,0
410,7.972308,-18.101712,0
411,21.354917,7.753934,0
412,23.921831,11.79307,1
413,5.362434,6.296659,0
414,-11.173752,-3.555277,0
415,25.157565,10.730746,1
416,5.732838,19.615037,1
417,10.768883,20.174354,1
418,-5.822892,12.860039,1
419,29.793526,6.174144,0
420,13.826974,35.595043,1
421,23.601326,18.198178,1
422,-7.541148,11.600036,0
423,-8.355302,0.984374,0
424,8.35257,1.976423,0
425,36.865603,3.232172,0
426,-5.744459,15.162418,1
427,-5.589394,14.185894,1
428,29.17617,8.365093,0
429,15.149742,16.294596,1
430,14.207579,14.536201,1
431,25.258946,-1.99769,0
432,-2.07673,-0.553716,0
433,24.468323,17.67833,1
434,12.616983,-7.821217,0
435,22.099221,-0.691673,0
436,-6.939323,9.359986,1
437,12.060755,12.626291,1
438,27.120012,10.484701,1
439,3.096856,9.473704,0
440,22.262795,-5.206087,0
441,3.528867,22.249778,1
442,22.912197,10.891323,0
443,0.900944,14.323774,1
444,14.631228,11.230701,0
445,3.776127,5.027102,1
446,-0.127312,-2.664134,0
447,18.416981,22.740416,1
448,-5.515894,-6.090927,0
449,15.564864,20.345412,1
450,10.488656,31.752829,1
451,-5.468434,13.237378,1
452,20.708746,27.708987,1
453,-4.898659,0.915355,0
454,-2.845813,5.184415,0
455,10.683487,30.378068,1
456,22.652691,23.648842,1
457,28.862221,2.711955,1
458,31.486364,14.886368,1
459,21.118596,11.192909,0
460,16.638553,19.898972,1
461,-4.229086,30.435723,0
462,19.390394,8.814162,0
463,10.435677,-4.805956,0
464,1.456506,14.296159,1
465,-5.168001,7.094566,0
466,8.715586,17.90278,1
467,6.808483,18.971219,1
468,29.1858,23.908715,1
469,12.023606,26.284148,1
470,-6.866114,-3.529472,0
471,7.711846,27.992229,1
472,24.836512,21.478907,1
473,29.750783,-0.038963,0
474,18.62459,29.624947,1
475,18.668861,23.356719,1
476,16.250053,-11.498025,0
477,35.029508,5.460185,0
478,25.365438,22.459725,0
479,17.047778,-3.39735,0
480,27.244192,21.165065,1
481,13.685704,19.282862,1
482,24.910569,19.064445,1
483,-3.350384,-1.108305,0
484,19.117041,-11.744219,0
485,-0.679899,30.487243,0
486,12.000979,-24.60473,0
487,2.876428,17.963674,1
488,8.814821,15.59715,1
489,20.547701,11.990985,0
490,17.379522,20.91911,0
491,23.462278,28.69838,1
492,9.310099,-12.227515,0
493,4.698036,22.556055,1
494,-8.432179,23.176236,0
495,27.776304,8.028494,1
496,23.206032,3.321903,0
497,5.921103,23.171646,1
498,6.237343,19.041675,1
499,22.743697,-19.245315,0
500,18.584123,21.67823,1
501,4.813029,8.181245,0
502,10.994515,26.392755,1
503,6.007338,0.170461,0
504,7.165113,20.813994,1
505,10.045909,5.820503,0
506,12.115702,18.166683,1
507,15.130517,-1.527251,0
508,16.633876,24.198217,1
509,20.053076,-9.639575,0
510,-2.516043,4.091172,0
511,22.039814,18.21137,1
512,-6.112943,12.3422,1
513,17.727774,17.831615,1
514,25.39432,11.049124,0
515,5.813646,-4.184677,0
516,0.419091,2.30045,0
517,-4.616371,3.906618,0
518,5.302176,22.167171,1
519,12.72043,-3.769316,0
520,27.467409,6.160285,0
521,-2.917435,2.938397,0
522,12.142004,3.353627,0
523,11.386107,-13.329139,0
524,21.701847,22.046797,1
525,-1.131492,12.317547,1
526,-7.220047,8.295654,0
527,-1.20553,24.997373,1
528,20.572574,0.795685,0
529,-0.264745,21.458603,1
530,8.42577,26.491513,1
531,6.783738,10.760414,1
532,8.053156,29.121334,1
533,10.744634,33.298301,1
534,13.572715,18.126087,1
535,10.969157,10.132667,0
536,15.081605,20.923649,1
537,17.455618,-9.378359,0
538,2.3752,0.052305,0
539,-6.496703,15.966133,0
540,15.952006,-7.329812,1
541,3.513161,19.572235,1
542,7.223067,21.86664,1
543,9.424264,-13.213285,0
544,17.121213,21.570343,1
545,25.587598,24.615099,1
546,-7.52353,16.263742,0
547,-2.222499,-3.205431,0
548,23.012332,-1.560492,0
549,19.018641,34.785717,1
550,19.934292,-4.704889,0
551,27.523599,5.534742,0
552,14.762316,22.825545,1
553,15.03093,23.028611,1
554,13.252498,-2.683976,0
555,4.354838,15.120636,1
556,-5.08228,16.082233,0
557,15.949819,-0.135903,0
558,16.788265,9.758954,0
559,16.801002,11.007259,0
560,5.872458,29.559947,1
561,8.229834,-5.507932,0
562,26.08216,22.522732,1
563,7.709119,-4.539455,0
564,2.157816,18.022758,1
565,2.021662,25.704696,1
566,11.36443,-6.614065,0
567,10.192023,-6.023117,0
568,-0.199243,3.031208,0
569,3.578677,-2.150078,0
570,14.379698,27.80516,1
571,4.069565,21.948038,1
572,2.526204,18.203022,1
573,-0.131949,1.463956,0
574,-0.243428,14.927434,1
575,10.391667,-11.552453,0
576,6.353622,19.350341,1
577,19.593507,5.443566,0
578,20.346887,7.898654,0
579,-3.664398,8.766481,1
580,1.920296,-2.097963,0
581,-3.918205,7.643344,0
582,30.088025,10.414997,0
583,2.423452,17.647604,1
584,18.882676,13.409304,1
585,26.211316,12.086136,1
586,18.356373,20.850602,1
587,15.703121,21.952993,1
588,25.77056,8.556206,0
589,24.358233,11.543605,1
590,-0.927834,12.776467,1
591,15.033504,-7.133809,0
592,1.1409,14.689805,0
593,6.080093,-4.005338,0
594,-4.329023,11.881131,1
595,-8.895995,20.070191,0
596,6.222698,-2.848115,0
597,22.246922,13.945668,1
598,8.377699,0.931124,0
599,21.847984,24.241282,1
600,24.655744,-1.606825,0
601,-6.181906,9.655517,1
602,-4.889392,11.280436,1
603,25.366015,0.437463,0
604,-3.086008,14.196959,0
605,17.464499,18.252697,1
606,3.910635,-0.864694,0
607,10.872501,32.331065,1
608,23.842964,18.484759,1
609,8.581746,30.291064,1
610,-8.765897,12.333883,1
611,15.848461,29.921991,1
612,11.146522,-11.875365,0
613,-1.854436,13.777505,0
614,5.735617,-0.398365,0
615,4.756259,-7.001888,0
616,13.260668,23.237214,1
617,3.70091,19.22181,1
618,13.8055,18.835055,1
619,8.530061,-10.495231,0
620,5.532305,2.2853,0
621,-13.053747,18.296711,0
622,23.857874,27.694113,1
623,29.274652,6.898447,0
624,-9.287679,16.383628,0
625,-6.591118,9.881459,1
626,-2.25514,13.627981,1
627,-12.793662,-0.417681,1
628,20.780413,31.048284,1
629,-0.111827,-0.150421,0
630,5.373931,-12.772463,0
631,-1.706161,16.354189,0
632,-1.837426,21.127577,1
633,7.272704,-13.909683,0
634,8.945951,-8.606778,0
635,19.70965,6.347483,0
636,14.769187,-7.795176,0
637,18.825244,12.982197,0
638,-12.044956,16.599619,0
639,17.40138,9.393985,0
640,10.0773,-4.371781,0
641,29.847973,-0.925594,0
642,8.602638,-0.137347,0
643,-4.542299,13.516408,1
644,-4.801676,3.762312,1
645,16.456724,11.590377,0
646,35.853119,0.926086,1
647,3.947548,8.837041,0
648,4.989874,19.426941,1
649,-1.268982,12.018151,1
650,10.915179,18.622525,1
651,14.113281,-5.281961,0
652,8.495771,23.476642,1
653,-4.877625,1.649002,0
654,3.491656,26.518619,1
655,-1.340902,4.492236,0
656,20.913767,13.137016,1
657,3.275187,6.891399,0
658,11.741734,26.279546,1
659,-4.645963,10.260093,1
660,23.474232,14.386952,1
661,22.024229,19.567674,1
662,23.290796,25.671311,1
663,7.985448,24.869071,1
664,9.318063,25.405359,1
665,-6.115892,-3.391918,0
666,30.02218,22.136236,1
667,7.356979,-1.362963,0
668,10.160891,-3.692609,0
669,22.708333,27.492705,1
670,18.165474,-2.778494,0
671,21.830805,26.76904,1
672,6.348242,11.710928,1
673,15.070772,25.759996,1
674,17.773655,7.694418,0
675,9.034434,-1.048265,0
676,15.461722,18.980196,1
677,10.528479,20.799871,1
678,1.522273,21.03439,1
679,17.425063,-5.144607,0
680,22.610748,-10.145914,0
681,5.987305,-1.995369,0
682,8.948537,23.592042,1
683,6.364901,-10.960335,0
684,4.55814,26.521385,1
685,12.863571,34.637567,1
686,1.639348,-11.343508,0
687,6.216234,12.882966,1
688,7.472849,-13.57679,0
689,7.659074,1.034102,0
690,28.328244,7.930955,0
691,-8.827174,17.488126,0
692,1.046735,-3.078747,0
693,7.434579,-1.609641,0
694,0.891113,15.060427,1
695,-0.008779,16.248431,1
696,3.344495,24.650887,1
697,27.592149,3.261634,0
698,-9.992704,8.012243,0
699,11.004048,27.661182,1
700,-8.770074,22.002098,0
701,17.840848,14.459184,1
702,30.980221,11.183047,0
703,1.786406,-0.985346,0
704,16.060474,19.144785,1
705,8.127058,-22.279502,0
706,36.797412,9.961114,0
707,1.383267,21.831845,1
708,-4.251362,4.851553,1
709,9.262385,-2.80398,0
710,14.374008,17.134694,1
711,36.06073,3.611374,1
712,18.298228,28.71948,1
713,33.540751,7.061221,1
714,9.167567,27.165335,1
715,7.525694,8.004721,0
716,17.38907,23.574655,1
717,6.213461,-10.01389,0
718,6.558246,-5.074679,0
719,19.598528,-1.565115,0
720,27.164448,25.485368,0
721,-6.739095,-17.593835,0
722,-1.495885,-0.662101,0
723,22.732016,18.377011,1
724,19.407699,-7.461755,0
725,2.635804,-3.663572,0
726,-2.936443,9.007856,1
727,-1.693264,11.354238,0
728,-3.376741,15.518055,0
729,-6.020516,11.427474,1
730,15.431296,20.512104,1
731,6.563578,-13.106781,0
732,-5.73114,10.971782,0
733,22.454069,5.872033,1
734,28.278831,17.795719,1
735,7.911504,-4.292645,0
736,8.621803,32.408363,1
737,23.954147,6.707597,1
738,25.124636,32.644838,1
739,4.085372,2.737808,0
740,27.886461,1.777422,0
741,14.830109,4.734636,0
742,7.381805,18.630337,1
743,13.21769,15.369706,1
744,23.142499,16.935392,1
745,4.888554,27.839887,1
746,26.156596,16.895373,0
747,32.784678,22.935502,1
748,2.60537,-3.793287,0
749,18.708263,11.158866,1
750,10.167947,-2.865652,0
751,13.660849,-2.374383,0
752,27.251285,5.920954,0
753,18.87626,4.318239,0
754,-0.809694,7.323156,0
755,15.398146,16.567287,0
756,13.624924,-12.954725,0
757,-0.092272,27.04713,1
758,17.301377,18.822765,1
759,19.474339,7.698637,1
760,-4.059305,6.513806,1
761,-3.078971,-1.343946,0
762,20.774679,30.203621,1
763,2.284962,0.013766,0
764,-1.400557,11.407364,0
765,23.237023,10.088131,0
766,19.307763,22.290755,1
767,15.347395,-7.494288,0
768,21.134351,6.95979,0
769,20.707874,11.831946,1
770,6.908029,30.331729,1
771,26.801119,3.586643,0
772,5.892521,-23.775247,0
773,13.281315,30.146727,1
774,4.864662,4.789628,0
775,16.008044,27.949094,1
776,1.090054,14.218323,1
777,20.50714,30.928916,1
778,-6.825013,4.291169,0
779,17.202813,20.294423,1
780,10.819918,2.678167,0
781,15.987526,8.813162,1
782,-4.521455,8.951323,0
783,21.316407,24.465757,1
784,29.872638,8.569437,0
785,2.080743,3.870022,0
786,16.201133,0.243936,0
787,18.61275,-4.168139,0
788,15.602666,8.664095,0
789,23.167006,5.721008,0
790,19.185664,7.0459,0
791,11.197006,-9.600018,0
792,6.117667,-10.148041,0
793,21.01905,19.186351,1
794,0.423302,-2.408141,0
795,11.910232,24.290201,1
796,-1.429068,10.7196,1
797,29.597862,4.419812,0
798,26.777195,30.376123,1
799,-3.356119,4.39771,0
800,1.905894,10.973622,1
801,2.039441,-4.843777,0
802,9.749161,-4.636089,0
803,-1.224774,15.388604,1
804,13.166944,-14.706927,0
805,1.689714,17.066048,0
806,22.020433,20.965824,1
807,-5.49828,6.023852,0
808,9.290899,31.531513,1
809,8.317448,2.112483,0
810,14.096823,23.761556,1
811,22.431893,-0.337366,0
812,16.756886,9.312531,1
813,31.262557,25.166941,1
814,14.03072,21.65313,1
815,27.652805,9.807038,0
816,27.234223,12.242685,1
817,4.034053,12.275197,1
818,31.784578,17.51325,1
819,3.750131,6.810093,0
820,12.514748,-8.812814,0
821,-4.45837,14.781216,1
822,17.347412,-9.474456,0
823,10.670542,2.6349,0
824,20.318764,14.546605,0
825,18.579173,16.982646,1
826,9.636518,1.325511,0
827,-2.712631,11.140465,0
828,9.640096,-10.219698,0
829,35.049974,27.972226,1
830,22.765767,11.571746,1
831,14.047192,10.937178,0
832,6.156405,-1.691168,0
833,2.048284,12.185196,0
834,10.851301,12.227809,1
835,-0.39841,21.005974,1
836,5.284437,21.632095,1
837,6.489537,20.749473,1
838,4.88169,21.5682,1
839,18.992991,14.487162,0
840,27.95138,18.406491,1
841,15.47669,11.26986,0
842,0.997974,-18.783313,0
843,6.552349,-2.639062,0
844,-3.882392,14.144504,1
845,4.704957,20.670719,1
846,5.818198,15.605372,1
847,-7.045452,9.508683,1
848,8.057037,22.15457,1
849,-3.585488,4.439551,0
850,21.371928,13.681044,1
851,28.355612,12.63212,0
852,-1.992124,19.685236,0
853,17.175911,0.255216,0
854,-1.300559,16.509012,1
855,21.635297,1.133198,0
856,10.409591,-6.328664,0
857,21.860771,21.00839,1
858,15.01258,4.795776,0
859,-5.559638,6.837888,0
860,0.463675,0.608898,0
861,4.898827,-4.245813,0
862,15.256434,27.294646,1
863,18.595242,29.384266,1
864,22.178658,2.980504,0
865,25.984916,14.194664,1
866,6.827196,23.294304,1
867,16.908444,1.378071,0
868,4.199027,-5.925894,0
869,-0.96182,15.87294,1
870,29.314777,7.851259,0
871,25.87671,3.88039,1
872,18.68498,34.984048,1
873,13.355533,-8.204619,0
874,35.776838,15.386854,0
875,17.699153,17.034312,1
876,11.657639,16.583845,1
877,-4.443958,11.668365,1
878,1.386691,8.149371,0
879,29.82612,22.460423,1
880,2.280665,0.039985,0
881,15.102963,-6.474149,0
882,28.399362,4.221388,0
883,5.266913,25.165863,1
884,18.034418,-3.197104,0
885,26.998936,2.165991,0
886,0.880643,11.524619,1
887,-3.268321,8.196734,0
888,4.630839,-2.077182,0
889,17.945757,24.127113,1
890,14.764323,15.923636,1
891,1.180515,16.580608,1
892,11.867799,1.544068,0
893,7.658259,22.331669,1
894,22.597378,26.080891,1
895,20.741219,40.756387,1
896,15.959248,4.685806,1
897,17.927321,17.735485,1
898,2.450839,7.733388,0
899,6.363838,-13.248747,0
900,8.101483,24.245344,1
901,2.412144,23.441572,1
902,22.333788,5.396418,0
903,-1.928959,-3.001777,0
904,19.778206,12.936762,1
905,11.3137,28.558777,1
906,22.180839,-8.960315,0
907,20.3623,-0.795084,0
908,28.097937,3.520739,0
909,7.695049,-6.0682,0
910,16.925917,0.924586,0
911,10.193275,-10.15124,0
912,24.569695,5.817679,0
913,6.940245,19.913834,1
914,-2.548982,5.557352,0
915,15.544275,21.06803,1
916,1.666848,2.068439,0
917,28.00576,23.723945,1
918,11.181424,4.899412,0
919,1.406912,6.643784,0
920,18.214661,-5.846142,0
921,24.428617,17.855489,1
922,-0.935026,29.368418,1
923,20.815791,-1.571754,0
924,22.167125,15.564613,1
925,18.435933,-6.439856,0
926,17.499433,27.667286,1
927,24.334476,6.657396,0
928,9.649806,-12.845832,0
929,25.566205,14.388937,1
930,-0.279009,27.143679,1
931,20.649195,-6.500922,0
932,6.034637,21.540863,1
933,14.515684,-9.973887,0
934,-10.133827,3.969357,1
935,28.290373,7.581182,0
936,14.247612,20.278257,1
937,17.338208,24.7312,1
938,11.279714,-5.824947,0
939,20.431867,15.694833,1
940,16.939554,-6.910382,0
941,9.374587,34.996164,1
942,6.732694,-9.470884,0
943,15.87384,-23.437612,0
944,27.598434,4.36182,0
945,9.948951,-6.69239,0
946,4.694234,-18.854645,0
947,-10.44668,3.476636,1
948,-5.690912,4.239988,0
949,21.577854,15.841732,1
950,23.723377,-0.916938,0
951,25.250273,16.596978,1
952,19.688636,5.350846,0
953,32.363629,16.766883,1
954,2.461764,17.511733,1
955,8.529909,18.210162,1
956,5.926637,30.803347,1
957,21.515295,1.219573,0
958,11.18233,13.266613,1
959,24.889608,24.948844,1
960,4.097861,7.200534,0
961,11.20542,-11.116486,0
962,23.0279,14.884225,0
963,11.196965,17.377619,1
964,29.710743,19.372667,0
965,17.607858,16.554673,1
966,25.505328,12.988869,1
967,-6.380053,6.165316,1
968,8.511098,2.337365,0
969,-8.348351,13.745153,1
970,5.802805,2.561051,0
971,4.196967,11.070846,0
972,24.098653,27.752582,1
973,5.344142,23.026421,1
974,16.690094,-13.879296,0
975,5.502837,-11.872619,0
976,9.685277,25.389975,1
977,-3.884448,8.438152,1
978,12.827967,24.128543,1
979,-2.789189,0.771227,0
980,19.072876,25.60429,1
981,21.31594,18.023701,1
982,21.230579,14.720279,0
983,0.006977,0.555283,0
984,1.828338,6.714624,0
985,12.174075,31.623493,1
986,4.245365,17.627672,1
987,6.676181,-8.803846,0
988,14.067764,1.085963,0
989,0.392598,4.671025,0
990,3.620112,20.376463,1
991,25.930915,24.292527,1
992,7.241325,0.363653,0
993,14.95022,21.896727,1
994,11.957726,-3.463205,0
995,-12.653698,15.32648,0
996,-0.239028,21.467822,1
997,19.906683,-11.941948,0
998,0.017269,6.316616,0
999,0.550214,12.762653,1
